{
    "dc_per_class_pp_all": {
        "1": 0.9240537493586402,
        "2": 0.9619026473995571
    },
    "dc_per_class_pp_per_class": {
        "1": 0.9240537493586402,
        "2": 0.9619026473995571
    },
    "dc_per_class_raw": {
        "1": 0.9240537493586402,
        "2": 0.9619026237884729
    },
    "for_which_classes": [
        [
            1,
            2
        ]
    ],
    "min_valid_object_sizes": "None",
    "num_samples": 80,
    "validation_final": "validation_raw_postprocessed",
    "validation_raw": "validation_raw"
}