{
    "dc_per_class_pp_all": {
        "1": 0.9266443224757595,
        "2": 0.9623781589998928
    },
    "dc_per_class_pp_per_class": {
        "1": 0.9266443224757595,
        "2": 0.9623781589998928
    },
    "dc_per_class_raw": {
        "1": 0.9266443224757595,
        "2": 0.9623781589998928
    },
    "for_which_classes": [],
    "min_valid_object_sizes": "None",
    "num_samples": 80,
    "validation_final": "validation_raw_postprocessed",
    "validation_raw": "validation_raw"
}