{
    "dc_per_class_pp_all": {
        "1": 0.922804841973894,
        "2": 0.9623576182206017
    },
    "dc_per_class_pp_per_class": {
        "1": 0.922804841973894,
        "2": 0.9623576182206017
    },
    "dc_per_class_raw": {
        "1": 0.922804841973894,
        "2": 0.962357613498385
    },
    "for_which_classes": [
        [
            1,
            2
        ]
    ],
    "min_valid_object_sizes": "None",
    "num_samples": 400,
    "validation_final": "cv_niftis_postprocessed",
    "validation_raw": "cv_niftis_raw"
}